Owner_id,Nombre,Apellido,Email,Direccion,Telefono
VX2159-YV,Chaddy,Wilacot,cwilacot0@com.com,9 Carberry Avenue,321-940-2671
WH7182-XN,Niko,Hembery,nhembery1@netlog.com,0742 Dovetail Avenue,189-802-1464
LT2904-JU,Candida,Ambrogiotti,cambrogiotti2@nps.gov,58 Luster Circle,467-753-1773
MB2272-AQ,Stan,Rame,srame3@squidoo.com,94654 Emmet Circle,322-145-7168
IG8190-HA,Teresa,Pragnall,tpragnall4@fastcompany.com,24661 Lillian Road,841-618-0467
TV8390-LZ,Gaspard,Crownshaw,gcrownshaw5@discuz.net,864 Main Alley,757-943-6293
ZE6390-SB,Enriqueta,Passman,epassman6@e-recht24.de,87778 Doe Crossing Plaza,846-560-7303
FH5310-IF,Ariadne,Abrey,aabrey7@youtube.com,98792 Eagan Center,123-993-4363
XJ4244-HC,Eileen,Gullefant,egullefant8@de.vu,7 Graceland Park,574-190-9981
JT3027-KN,Shalom,Taborre,staborre9@friendfeed.com,57338 Burning Wood Park,195-149-2913
RU0732-XF,Bourke,Ceschelli,bceschellia@google.nl,920 Dennis Center,810-661-1348
LV6729-VZ,Husain,Carette,hcaretteb@ox.ac.uk,69 Hooker Junction,619-699-9102
VE5796-WP,Melly,Louiset,mlouisetc@jimdo.com,0 Kings Park,976-900-9042
FF8594-JO,Robbie,Gareisr,rgareisrd@usa.gov,769 Troy Place,949-306-6282
FS8034-EI,Ingrid,Grieve,igrievee@free.fr,079 Pawling Place,856-850-1925
ME6389-AR,Florentia,Secret,fsecretf@gizmodo.com,04 Raven Street,840-683-6168
HZ3571-LS,Bank,Hakonsen,bhakonseng@webs.com,0595 Ilene Plaza,908-285-0830
IP2147-FT,Salli,de Quincey,sdequinceyh@gravatar.com,60 Commercial Court,162-368-4828
UO3338-HW,Winifield,MacCawley,wmaccawleyi@time.com,5983 Cherokee Avenue,220-821-1061
SK2833-XL,Prentice,Gilluley,pgilluleyj@bigcartel.com,9225 Brown Junction,541-541-8062
HZ9140-OE,Kaylyn,Egan,kegank@un.org,5 Chinook Avenue,930-200-3257
BL3530-ZS,Netty,Hamm,nhamml@oaic.gov.au,2219 Jana Center,497-812-0334
PV4322-BX,Hyacintha,Sprionghall,hsprionghallm@imageshack.us,65734 Schurz Center,276-536-3202
QP3825-UU,Lutero,Hundell,lhundelln@toplist.cz,1 Pine View Terrace,192-572-4749
WG1853-BO,Erna,Loggie,eloggieo@huffingtonpost.com,78 Forest Avenue,125-549-9754
OV8627-OB,Rourke,Leser,rleserp@irs.gov,38 Emmet Terrace,977-311-2122
YT9594-BW,Otto,Whitlow,owhitlowq@wired.com,9 Lake View Alley,714-797-6246
ZS9996-UN,Neda,Gaspard,ngaspardr@google.com.br,35 Eastlawn Road,936-226-5726
KL2279-IC,Fred,Catto,fcattos@domainmarket.com,04 Merrick Crossing,131-561-1137
AN4660-UZ,Tilly,Nightingale,tnightingalet@chicagotribune.com,56 7th Center,626-915-4434
GF0419-BF,Adams,Caze,acazeu@google.es,8 Florence Lane,939-369-6773
PO1300-UL,Bern,Eilers,beilersv@wikimedia.org,766 Continental Court,348-205-6956
XR3267-NA,Celestine,Alvarez,calvarezw@prweb.com,4 Hooker Trail,878-631-0742
LR3192-JV,Nico,Aspinal,naspinalx@mit.edu,709 Oak Street,950-696-3892
CE5635-CF,Darn,Racine,draciney@fema.gov,66139 Loomis Center,739-870-6252
AP5757-XN,Helaine,Pohlak,hpohlakz@exblog.jp,8 Upham Plaza,586-608-9907
AX4165-KW,Rosalie,Burfitt,rburfitt10@home.pl,195 Donald Point,463-358-4049
QS9354-FP,Edlin,Clapp,eclapp11@drupal.org,0 Dakota Terrace,449-664-9130
OV7724-SE,Lexi,Tuxill,ltuxill12@ft.com,088 Erie Way,329-617-9911
TX0072-FK,Zelda,Latch,zlatch13@webmd.com,99161 Ohio Place,704-598-8425
LV4995-ZH,Haydon,Lindley,hlindley14@oaic.gov.au,706 Fairview Hill,726-190-8502
FQ0111-CB,Allegra,Lukacs,alukacs15@hao123.com,80 Eagan Court,829-190-3135
NB5984-HY,Eugenia,Avey,eavey16@dell.com,49496 Porter Road,544-708-8162
ET2954-BW,Francklin,Daley,fdaley17@utexas.edu,93 Kim Terrace,313-201-6420
BR1381-CL,My,Banbrick,mbanbrick18@umn.edu,26669 Warner Road,895-364-1636
XW9697-SP,Rasla,Bedding,rbedding19@mail.ru,6 Caliangt Way,761-171-0312
HD2259-KV,Clay,Lovegrove,clovegrove1a@ed.gov,80 Troy Parkway,794-271-9502
OC8135-UN,Christabella,Tollemache,ctollemache1b@nyu.edu,698 Esch Avenue,487-403-8754
RS8263-CV,Priscella,Ciotto,pciotto1c@wired.com,8253 Shelley Trail,238-934-1503
UL7995-QQ,Yolane,Hanrahan,yhanrahan1d@twitpic.com,01 Sunfield Parkway,213-562-5061
OX4529-YQ,Addy,Negus,anegus1e@cdc.gov,00979 Lerdahl Street,432-611-8037
LP8607-MM,Barri,Trodler,btrodler1f@yolasite.com,14 Scott Court,905-435-9982
IG8705-VX,Kali,Lambdean,klambdean1g@samsung.com,9 Mayfield Avenue,508-167-2525
ZT9744-LS,Jany,Deam,jdeam1h@ezinearticles.com,6838 Valley Edge Plaza,124-540-9256
EI0087-RA,Katey,Chatten,kchatten1i@mashable.com,0 Springview Road,723-321-1700
KZ3342-AS,Ev,Quodling,equodling1j@hp.com,750 Elgar Place,931-722-1736
GI5221-VK,Kerk,Coopey,kcoopey1k@angelfire.com,59 Steensland Trail,937-765-0367
XP5612-YP,Fayina,Perford,fperford1l@eventbrite.com,163 Larry Center,636-536-7127
HZ2525-BH,Brandise,Duffree,bduffree1m@hp.com,7 Lyons Road,266-735-7872
PV5190-UM,Lynette,Coldrick,lcoldrick1n@fastcompany.com,99 Loftsgordon Park,196-255-5134
QQ6862-RL,Ruperto,Merrington,rmerrington1o@wiley.com,62404 Briar Crest Avenue,269-413-6986
CE5871-XW,Erik,Majury,emajury1p@gov.uk,8733 Eastlawn Hill,713-355-2906
UJ7369-WY,Jamill,Longhorne,jlonghorne1q@dagondesign.com,75354 Golf Course Avenue,231-879-5896
JW2182-BY,Joly,Denisovich,jdenisovich1r@newyorker.com,29381 Merchant Lane,974-763-8133
CQ9295-AG,Melvyn,Gerrit,mgerrit1s@privacy.gov.au,5 Summit Point,284-336-4656
AA2825-QT,Ingaberg,Borsay,iborsay1t@rambler.ru,3396 Monument Center,759-432-5452
PG8512-NY,Marsha,Trow,mtrow1u@arizona.edu,3120 Buell Drive,554-114-0807
TU0359-KT,Blinnie,Colegate,bcolegate1v@myspace.com,17258 Meadow Valley Drive,391-570-3660
PO5010-WN,Wallas,Mollin,wmollin1w@answers.com,2439 Jana Court,561-647-1009
UM2966-YO,Raquel,Guyer,rguyer1x@technorati.com,9 Arapahoe Alley,958-751-5930
IS3821-QH,Joelle,Lett,jlett1y@fastcompany.com,37697 Buhler Point,550-205-4755
ZJ4041-AL,Adriana,Fermin,afermin1z@admin.ch,57072 Bartelt Way,647-341-9131
XM5610-HI,Timmie,Schohier,tschohier20@phpbb.com,8 Everett Circle,393-719-4677
OP5468-HC,Ludovico,Jonsson,ljonsson21@techcrunch.com,76 Debra Court,655-830-2186
GT6005-YP,Donnamarie,Iskowitz,diskowitz22@edublogs.org,774 David Center,791-136-0121
DE7477-TD,Poppy,Stutard,pstutard23@hatena.ne.jp,54 Amoth Drive,730-929-2938
IJ0070-SJ,Andonis,Bewlay,abewlay24@utexas.edu,3977 Hollow Ridge Avenue,289-439-8159
DM3646-HL,Kayla,Muglestone,kmuglestone25@boston.com,86 Green Ridge Hill,387-671-7657
PE0429-EV,Garrard,Cossam,gcossam26@squarespace.com,954 Tennessee Park,673-383-6776
BS3088-HS,Jerrine,Delahunty,jdelahunty27@shutterfly.com,3231 Holy Cross Junction,927-598-3897
FS5605-AL,Anallese,Learie,alearie28@bloglovin.com,948 Oxford Place,397-309-1715
EK5091-DN,Burty,Hilhouse,bhilhouse29@cdc.gov,2 Laurel Pass,618-719-2793
PF4296-DL,Rubina,Hinsche,rhinsche2a@craigslist.org,878 Mariners Cove Way,737-523-8434
ON6938-AX,Marcelia,Mutch,mmutch2b@businessinsider.com,2 Killdeer Lane,571-928-5676
YN9362-SR,Darrin,Petrak,dpetrak2c@bigcartel.com,65704 Porter Parkway,158-904-7212
HC9862-ZH,Dene,Emptage,demptage2d@xing.com,38 Hanson Pass,483-867-1361
NW7430-YM,Patsy,Standage,pstandage2e@jiathis.com,9 Mosinee Road,380-737-8037
SQ0700-ZX,Torey,Glandfield,tglandfield2f@who.int,8995 Sunnyside Parkway,507-603-3676
ZG3881-RL,Whitney,Worthing,wworthing2g@drupal.org,9826 Sommers Avenue,912-989-9214
DM9065-GR,Kimmi,O'Dooghaine,kodooghaine2h@apple.com,34312 Delladonna Parkway,778-125-4899
BC5154-BQ,Warde,Chesterton,wchesterton2i@ezinearticles.com,0 Nancy Junction,471-220-4393
ON9465-SI,Estella,Gladwell,egladwell2j@uiuc.edu,814 Linden Way,440-686-6314
DO1354-QU,Reinaldos,Odom,rodom2k@over-blog.com,5 Ramsey Lane,677-412-1329
QV7257-MB,Winnifred,Lurner,wlurner2l@spiegel.de,02 Ohio Plaza,674-139-1641
KC5001-FF,Perla,Wadeson,pwadeson2m@ask.com,1 Northland Park,500-118-0112
NZ0822-EG,Remus,Otson,rotson2n@weather.com,9192 Doe Crossing Pass,426-513-3372
MZ3263-GG,Ewell,McGrah,emcgrah2o@angelfire.com,4 Mendota Drive,351-473-1722
WK3197-XZ,Ed,Reimer,ereimer2p@tuttocitta.it,2 Bunker Hill Alley,513-860-5546
XU9515-MS,Dill,Murrow,dmurrow2q@mashable.com,7866 Coolidge Crossing,619-150-5221
MA1308-HO,Riley,Lloyds,rlloyds2r@chronoengine.com,648 Doe Crossing Drive,877-924-3362
